<!--
  ~ Licensed to the Apache Software Foundation (ASF) under one or more
  ~ contributor license agreements.  See the NOTICE file distributed with
  ~ this work for additional information regarding copyright ownership.
  ~ The ASF licenses this file to You under the Apache License, Version 2.0
  ~ (the "License"); you may not use this file except in compliance with
  ~ the License.  You may obtain a copy of the License at
  ~
  ~       http://www.apache.org/licenses/LICENSE-2.0
  ~
  ~ Unless required by applicable law or agreed to in writing, software
  ~ distributed under the License is distributed on an "AS IS" BASIS,
  ~ WITHOUT WARRANTIES OR CONDITIONS OF ANY KIND, either express or implied.
  ~ See the License for the specific language governing permissions and
  ~ limitations under the License.
  -->

<assembly xmlns="http://maven.apache.org/ASSEMBLY/2.0.0" xmlns:xsi="http://www.w3.org/2001/XMLSchema-instance"
          xsi:schemaLocation="http://maven.apache.org/ASSEMBLY/2.0.0 http://maven.apache.org/xsd/assembly-2.0.0.xsd">
    <id>client</id>
    <formats>
        <format>zip</format>
    </formats>
    <includeBaseDirectory>true</includeBaseDirectory>
    <baseDirectory>hop</baseDirectory>
    <fileSets>
        <!-- the staging dir -->
        <fileSet>
            <directory>${assembly.dir}</directory>
            <outputDirectory>.</outputDirectory>
        </fileSet>
    </fileSets>
    <dependencySets>
        <!-- hop components -->
        <dependencySet>
            <includes>
                <include>org.apache.hop:hop-assemblies-static:zip</include>
                <include>org.apache.hop:hop-assemblies-samples:zip</include>
                <include>org.apache.hop:hop-assemblies-libs:zip</include>
                <include>org.apache.hop:hop-assemblies-plugins-dist:zip</include>
            </includes>
            <unpack>true</unpack>
            <outputDirectory>.</outputDirectory>
            <useTransitiveDependencies>false</useTransitiveDependencies>
            <useProjectArtifact>false</useProjectArtifact>
        </dependencySet>
        <!-- swt -->
        <dependencySet>
            <includes>
                <include>org.eclipse.platform:*.gtk.linux.x86_64</include>
            </includes>
            <outputDirectory>libswt/linux/x86_64</outputDirectory>
            <outputFileNameMapping>swt.jar</outputFileNameMapping>
            <useTransitiveDependencies>false</useTransitiveDependencies>
            <useProjectArtifact>false</useProjectArtifact>
        </dependencySet>
        <dependencySet>
            <includes>
                <include>org.eclipse.platform:*.gtk.linux.aarch64</include>
            </includes>
            <outputDirectory>libswt/linux/arm64</outputDirectory>
            <outputFileNameMapping>swt.jar</outputFileNameMapping>
            <useTransitiveDependencies>false</useTransitiveDependencies>
            <useProjectArtifact>false</useProjectArtifact>
        </dependencySet>
        <dependencySet>
            <includes>
                <include>org.eclipse.platform:*.win32.x86_64</include>
            </includes>
            <outputDirectory>libswt/win64</outputDirectory>
            <outputFileNameMapping>swt.jar</outputFileNameMapping>
            <useTransitiveDependencies>false</useTransitiveDependencies>
            <useProjectArtifact>false</useProjectArtifact>
        </dependencySet>
        <dependencySet>
            <includes>
                <include>org.eclipse.platform:*.macosx.x86_64</include>
            </includes>
            <outputDirectory>libswt/osx/x86_64</outputDirectory>
            <outputFileNameMapping>swt.jar</outputFileNameMapping>
            <useTransitiveDependencies>false</useTransitiveDependencies>
            <useProjectArtifact>false</useProjectArtifact>
        </dependencySet>
        <dependencySet>
            <includes>
                <include>org.eclipse.platform:*.macosx.aarch64</include>
            </includes>
            <outputDirectory>libswt/osx/arm64</outputDirectory>
            <outputFileNameMapping>swt.jar</outputFileNameMapping>
            <useTransitiveDependencies>false</useTransitiveDependencies>
            <useProjectArtifact>false</useProjectArtifact>
        </dependencySet>
        <dependencySet>
            <includes>
                <include>org.apache.hop:hop-ui-rcp</include>
                <include>org.eclipse.jetty:*</include>
                <include>javax.servlet:javax.servlet-api</include>
            </includes>
            <outputDirectory>lib</outputDirectory>
            <useTransitiveDependencies>true</useTransitiveDependencies>
            <useProjectArtifact>false</useProjectArtifact>
        </dependencySet>

    </dependencySets>
</assembly>